{
	"format_version": "1.8.0",
	"animations": {
		"shark.animation.idle": {
			"loop": true,
			"animation_length": 4.58333,
			"bones": {
				"Body": {
					"rotation": {
						"0.0": {
							"vector": [0, 0, 0]
						},
						"0.2917": {
							"vector": [-29, 0, 0]
						},
						"3.7917": {
							"vector": [-29, 0, 0]
						},
						"3.9583": {
							"vector": [0, 0, 0]
						}
					}
				},
				"Left_Paw": {
					"rotation": {
						"0.0": {
							"vector": [0, 0, 0]
						},
						"0.2917": {
							"vector": [-11.27836, -14.85064, 2.13565]
						},
						"0.375": {
							"vector": [-11.27836, -14.85064, 2.13565]
						},
						"0.5": {
							"vector": [-11.1789, -27.93676, -37.56042]
						},
						"0.7083": {
							"vector": [-11.27836, -14.85064, 2.13565]
						},
						"0.9167": {
							"vector": [-11.1789, -27.93676, -37.56042]
						},
						"1.125": {
							"vector": [-11.27836, -14.85064, 2.13565]
						},
						"1.3333": {
							"vector": [-11.1789, -27.93676, -37.56042]
						},
						"1.5417": {
							"vector": [-11.27836, -14.85064, 2.13565]
						},
						"1.75": {
							"vector": [-11.1789, -27.93676, -37.56042]
						},
						"1.9583": {
							"vector": [-11.27836, -14.85064, 2.13565]
						},
						"2.1667": {
							"vector": [-11.1789, -27.93676, -37.56042]
						},
						"2.375": {
							"vector": [-11.27836, -14.85064, 2.13565]
						},
						"2.5833": {
							"vector": [-11.1789, -27.93676, -37.56042]
						},
						"2.7917": {
							"vector": [-11.27836, -14.85064, 2.13565]
						},
						"3.0": {
							"vector": [-11.1789, -27.93676, -37.56042]
						},
						"3.2083": {
							"vector": [-11.27836, -14.85064, 2.13565]
						},
						"3.4167": {
							"vector": [-11.1789, -27.93676, -37.56042]
						},
						"3.625": {
							"vector": [-11.27836, -14.85064, 2.13565]
						},
						"3.7917": {
							"vector": [-11.27836, -14.85064, 2.13565]
						},
						"3.9583": {
							"vector": [0, 0, 0]
						}
					}
				},
				"Right_Paw": {
					"rotation": {
						"0.0": {
							"vector": [0, 0, 0]
						},
						"0.2917": {
							"vector": [-15.13707, 7.69175, -2.34152]
						},
						"0.375": {
							"vector": [-15.13707, 7.69175, -2.34152]
						},
						"0.625": {
							"vector": [-22.82567, 14.51527, 29.55584]
						},
						"0.8333": {
							"vector": [-15.13707, 7.69175, -2.34152]
						},
						"1.0417": {
							"vector": [-22.82567, 14.51527, 29.55584]
						},
						"1.25": {
							"vector": [-15.13707, 7.69175, -2.34152]
						},
						"1.4583": {
							"vector": [-22.82567, 14.51527, 29.55584]
						},
						"1.6667": {
							"vector": [-15.13707, 7.69175, -2.34152]
						},
						"1.875": {
							"vector": [-22.82567, 14.51527, 29.55584]
						},
						"2.0833": {
							"vector": [-15.13707, 7.69175, -2.34152]
						},
						"2.2917": {
							"vector": [-22.82567, 14.51527, 29.55584]
						},
						"2.5": {
							"vector": [-15.13707, 7.69175, -2.34152]
						},
						"2.6667": {
							"vector": [-22.82567, 14.51527, 29.55584]
						},
						"2.875": {
							"vector": [-15.13707, 7.69175, -2.34152]
						},
						"3.0833": {
							"vector": [-22.82567, 14.51527, 29.55584]
						},
						"3.2917": {
							"vector": [-15.13707, 7.69175, -2.34152]
						},
						"3.5": {
							"vector": [-22.82567, 14.51527, 29.55584]
						},
						"3.7083": {
							"vector": [-15.13707, 7.69175, -2.34152]
						},
						"3.7917": {
							"vector": [-15.13707, 7.69175, -2.34152]
						},
						"3.9583": {
							"vector": [0, 0, 0]
						}
					}
				},
				"Right_Leg": {
					"rotation": {
						"0.0": {
							"vector": [0, 0, 0]
						},
						"0.2917": {
							"vector": [0, 0, 36]
						},
						"0.375": {
							"vector": [0, 0, 36]
						},
						"0.5": {
							"vector": [-20.05594, 6.35808, 52.87458]
						},
						"0.7083": {
							"vector": [-13.70821, -3.56782, 26.65207]
						},
						"0.9167": {
							"vector": [-20.05594, 6.35808, 52.87458]
						},
						"1.125": {
							"vector": [-13.70821, -3.56782, 26.65207]
						},
						"1.3333": {
							"vector": [-20.05594, 6.35808, 52.87458]
						},
						"1.5417": {
							"vector": [-13.70821, -3.56782, 26.65207]
						},
						"1.75": {
							"vector": [-20.05594, 6.35808, 52.87458]
						},
						"1.9583": {
							"vector": [-13.70821, -3.56782, 26.65207]
						},
						"2.1667": {
							"vector": [-20.05594, 6.35808, 52.87458]
						},
						"2.375": {
							"vector": [-13.70821, -3.56782, 26.65207]
						},
						"2.5833": {
							"vector": [-20.05594, 6.35808, 52.87458]
						},
						"2.7917": {
							"vector": [-13.70821, -3.56782, 26.65207]
						},
						"3.0": {
							"vector": [-20.05594, 6.35808, 52.87458]
						},
						"3.2083": {
							"vector": [-13.70821, -3.56782, 26.65207]
						},
						"3.4167": {
							"vector": [-20.05594, 6.35808, 52.87458]
						},
						"3.625": {
							"vector": [-13.70821, -3.56782, 26.65207]
						},
						"3.7917": {
							"vector": [0, 0, 36]
						},
						"3.9583": {
							"vector": [0, 0, 0]
						}
					},
					"position": {
						"vector": [0, 0, 0]
					}
				},
				"Left_Leg": {
					"rotation": {
						"0.0": {
							"vector": [0, 0, 0]
						},
						"0.2917": {
							"vector": [0, 0, -35]
						},
						"0.375": {
							"vector": [0, 0, -35]
						},
						"0.5833": {
							"vector": [-19.32461, -8.38137, -57.57054]
						},
						"0.7917": {
							"vector": [-13.92702, 1.78986, -30.33058]
						},
						"1.0": {
							"vector": [-19.32461, -8.38137, -57.57054]
						},
						"1.2083": {
							"vector": [-13.92702, 1.78986, -30.33058]
						},
						"1.375": {
							"vector": [-19.32461, -8.38137, -57.57054]
						},
						"1.5833": {
							"vector": [-13.92702, 1.78986, -30.33058]
						},
						"1.7917": {
							"vector": [-19.32461, -8.38137, -57.57054]
						},
						"2.0": {
							"vector": [-13.92702, 1.78986, -30.33058]
						},
						"2.2083": {
							"vector": [-19.32461, -8.38137, -57.57054]
						},
						"2.4167": {
							"vector": [-13.92702, 1.78986, -30.33058]
						},
						"2.625": {
							"vector": [-19.32461, -8.38137, -57.57054]
						},
						"2.8333": {
							"vector": [-13.92702, 1.78986, -30.33058]
						},
						"3.0417": {
							"vector": [-19.32461, -8.38137, -57.57054]
						},
						"3.25": {
							"vector": [-13.92702, 1.78986, -30.33058]
						},
						"3.4583": {
							"vector": [-19.32461, -8.38137, -57.57054]
						},
						"3.6667": {
							"vector": [-13.92702, 1.78986, -30.33058]
						},
						"3.7917": {
							"vector": [0, 0, -35]
						},
						"3.9583": {
							"vector": [0, 0, 0]
						}
					}
				},
				"Tail": {
					"rotation": {
						"0.0": {
							"vector": [-2.5, 0, 0]
						},
						"0.2083": {
							"vector": [-2.5, 0, 0]
						},
						"0.2917": {
							"vector": [10.5, 0, 0]
						},
						"3.7917": {
							"vector": [10.5, 0, 0]
						},
						"3.9583": {
							"vector": [-2.5, 0, 0]
						}
					},
					"position": {
						"0.0": {
							"vector": [0, 0, 0]
						},
						"0.2083": {
							"vector": [0, 0, 0]
						},
						"0.2917": {
							"vector": [0, 0.5, 0.2]
						},
						"3.7917": {
							"vector": [0, 0.5, 0.2]
						},
						"3.9583": {
							"vector": [0, 0, 0]
						}
					}
				},
				"Upper_Jaw": {
					"rotation": {
						"0.2917": {
							"vector": [0, 0, 0]
						},
						"0.375": {
							"vector": [0, 0, 0]
						},
						"0.5": {
							"vector": [-7, 0, 0]
						},
						"0.7083": {
							"vector": [0, 0, 0]
						},
						"0.9167": {
							"vector": [-4, 0, 0]
						},
						"1.125": {
							"vector": [0, 0, 0]
						},
						"1.3333": {
							"vector": [-7, 0, 0]
						},
						"1.5417": {
							"vector": [0, 0, 0]
						},
						"1.75": {
							"vector": [-4, 0, 0]
						},
						"1.9583": {
							"vector": [0, 0, 0]
						},
						"2.1667": {
							"vector": [-7, 0, 0]
						},
						"2.375": {
							"vector": [0, 0, 0]
						},